{
  "metadata": {
    "aircraft_name": "grp3-uas_v6",
    "date_generated": "2026-02-26T15:39:23.616429",
    "generator_version": "1.0.0",
    "notes": ""
  },
  "reference_geometry": {
    "S_ref_ft2": 49.57603838654258,
    "b_ref_ft": 11.983554417054886,
    "c_ref_ft": 4.870587430738986,
    "x_ref_ft": 3.6007494503824224,
    "y_ref_ft": 0.0,
    "z_ref_ft": 0.20216299154881
  },
  "mass_properties": {
    "mass_lbm": 478.99177,
    "fuel_mass_lbm": 157.2376,
    "cg_ft": [
      3.6007494503824224,
      0.0,
      0.20216299154881
    ],
    "inertia_lbm_ft2": {
      "Ixx": 1865.7137449722886,
      "Iyy": 1386.5116584532536,
      "Izz": 3230.371446322668,
      "Ixy": 2.576019585891573,
      "Ixz": -5.49779239625422,
      "Iyz": 0.05368169685556906
    }
  },
  "aerodynamics": {
    "static_stability": {
      "longitudinal": {
        "CL_alpha_per_rad": 2.979949,
        "CD_alpha_per_rad": 0.0,
        "Cm_alpha_per_rad": -0.062099,
        "CL_0": 0.09576,
        "CD_0": 0.00477,
        "Cm_0": 0.00341,
        "neutral_point_x_ft": 3.702247
      },
      "lateral_directional": {
        "CY_beta_per_rad": -0.195297,
        "Cl_beta_per_rad": -0.071802,
        "Cn_beta_per_rad": 0.052327
      }
    },
    "dynamic_stability": {
      "pitch_rate": {
        "CL_q_per_rad": 2.964134,
        "CD_q_per_rad": 0.0,
        "Cm_q_per_rad": -0.833198
      },
      "roll_rate": {
        "CY_p_per_rad": -0.088129,
        "Cl_p_per_rad": -0.248841,
        "Cn_p_per_rad": 0.013423
      },
      "yaw_rate": {
        "CY_r_per_rad": 0.128458,
        "Cl_r_per_rad": 0.059847,
        "Cn_r_per_rad": -0.035354
      }
    },
    "control_surfaces": [
      {
        "name": "Elevon",
        "effectiveness": {
          "CL_delta_per_rad": 0.9348788640925353,
          "CD_delta_per_rad": 0.0,
          "CY_delta_per_rad": 0.0,
          "Cl_delta_per_rad": 0.0,
          "Cm_delta_per_rad": -0.3248547921722385,
          "Cn_delta_per_rad": 0.0,
          "Ch_delta": 0.004322
        },
        "limits_deg": {
          "min": -30.0,
          "max": 30.0
        }
      },
      {
        "name": "Aileron",
        "effectiveness": {
          "CL_delta_per_rad": 0.0,
          "CD_delta_per_rad": 0.0,
          "CY_delta_per_rad": 0.0,
          "Cl_delta_per_rad": -0.2029866691478749,
          "Cm_delta_per_rad": 0.0,
          "Cn_delta_per_rad": 0.015375731687908343,
          "Ch_delta": 0.005086
        },
        "limits_deg": {
          "min": -30.0,
          "max": 30.0
        }
      }
    ]
  },
  "flight_conditions": {
    "reference": null,
    "envelope": []
  },
  "airfoil_polars": {
    "airfoil_name": "NACA 64-208",
    "polars": [
      {
        "reynolds": 500000.0,
        "mach": 0.1,
        "alpha": [
          -5.0,
          -4.0,
          -3.0,
          -2.0,
          -1.0,
          0.0,
          1.0,
          2.0,
          3.0,
          4.0,
          5.0,
          6.0
        ],
        "CL": [
          -0.4224,
          -0.2826,
          -0.1455,
          -0.0375,
          0.066,
          0.1726,
          0.2779,
          0.3742,
          0.4913,
          0.5825,
          0.6813,
          0.781
        ],
        "CD": [
          0.01788,
          0.0116,
          0.00896,
          0.0059,
          0.00568,
          0.00568,
          0.00573,
          0.00583,
          0.00665,
          0.01069,
          0.01388,
          0.01823
        ],
        "CM": [
          -0.0335,
          -0.0395,
          -0.0453,
          -0.0459,
          -0.0431,
          -0.0413,
          -0.0393,
          -0.0348,
          -0.0362,
          -0.0344,
          -0.0322,
          -0.0301
        ]
      },
      {
        "reynolds": 1000000.0,
        "mach": 0.1,
        "alpha": [
          -5.0,
          -4.0,
          -3.0,
          -2.0,
          -1.0,
          0.0,
          1.0,
          2.0,
          3.0,
          4.0,
          5.0,
          6.0
        ],
        "CL": [
          -0.3784,
          -0.2567,
          -0.15,
          -0.0435,
          0.0659,
          0.1762,
          0.2865,
          0.3939,
          0.4863,
          0.5921,
          0.6969,
          0.7993
        ],
        "CD": [
          0.01171,
          0.00869,
          0.00736,
          0.00539,
          0.00462,
          0.00448,
          0.00462,
          0.00504,
          0.00748,
          0.00885,
          0.01096,
          0.01322
        ],
        "CM": [
          -0.0414,
          -0.0441,
          -0.0428,
          -0.0428,
          -0.0426,
          -0.042,
          -0.0415,
          -0.0404,
          -0.0375,
          -0.0366,
          -0.0356,
          -0.0343
        ]
      },
      {
        "reynolds": 3000000.0,
        "mach": 0.1,
        "alpha": [
          -5.0,
          -4.0,
          -3.0,
          -2.0,
          -1.0,
          0.0,
          1.0,
          2.0,
          3.0,
          4.0,
          5.0,
          6.0,
          7.0,
          8.0
        ],
        "CL": [
          -0.3809,
          -0.2707,
          -0.1586,
          -0.0457,
          0.0656,
          0.1777,
          0.2894,
          0.3952,
          0.5031,
          0.6133,
          0.7203,
          0.8247,
          0.9302,
          1.0389
        ],
        "CD": [
          0.00732,
          0.00644,
          0.00589,
          0.00553,
          0.00405,
          0.00375,
          0.00403,
          0.00551,
          0.00669,
          0.00723,
          0.00809,
          0.00889,
          0.01035,
          0.01098
        ],
        "CM": [
          -0.0406,
          -0.0404,
          -0.0406,
          -0.0409,
          -0.0419,
          -0.0423,
          -0.0425,
          -0.0422,
          -0.0419,
          -0.0417,
          -0.0408,
          -0.0393,
          -0.0386,
          -0.0386
        ]
      },
      {
        "reynolds": 5000000.0,
        "mach": 0.1,
        "alpha": [
          -5.0,
          -4.0,
          -3.0,
          -2.0,
          -1.0,
          0.0,
          1.0,
          3.0,
          4.0,
          5.0,
          6.0,
          7.0,
          8.0,
          9.0,
          10.0,
          11.0,
          12.0,
          13.0,
          14.0,
          15.0
        ],
        "CL": [
          -0.3852,
          -0.273,
          -0.1599,
          -0.0464,
          0.0665,
          0.1782,
          0.2895,
          0.507,
          0.6182,
          0.7289,
          0.8367,
          0.941,
          1.0485,
          1.1527,
          1.252,
          1.3488,
          1.4359,
          1.5069,
          1.5397,
          1.4877
        ],
        "CD": [
          0.00646,
          0.00585,
          0.00546,
          0.00516,
          0.00448,
          0.00383,
          0.00405,
          0.00616,
          0.00671,
          0.00719,
          0.00798,
          0.00868,
          0.00962,
          0.01097,
          0.01296,
          0.015,
          0.01815,
          0.02275,
          0.02978,
          0.03972
        ],
        "CM": [
          -0.0398,
          -0.04,
          -0.0404,
          -0.0409,
          -0.0416,
          -0.0424,
          -0.0427,
          -0.0427,
          -0.0427,
          -0.0426,
          -0.042,
          -0.0406,
          -0.0402,
          -0.0393,
          -0.0376,
          -0.0358,
          -0.0327,
          -0.028,
          -0.0197,
          -0.006
        ]
      },
      {
        "reynolds": 7000000.0,
        "mach": 0.1,
        "alpha": [
          -5.0,
          -4.0,
          -3.0,
          -2.0,
          -1.0,
          0.0,
          1.0,
          2.0,
          3.0,
          5.0,
          8.0,
          9.0,
          10.0,
          11.0,
          12.0,
          13.0,
          14.0,
          15.0
        ],