{
    "Weight_Composite (lbm)": 14.249371607527896,
    "Weight_Metal (lbm)": 188.30479961542054,
    "wingtipDisplacement (in)": 0.061978896657231344
}